epoch,train_loss,val_loss
1,25.500274670588507,14.444299743725704
