epoch,train_loss,val_loss
1,14.418048127905115,12.449635579035832
