epoch,train_loss,val_loss
1,20.150502246159775,14.273439228086543
2,12.809287207630964,12.297392142446418
3,11.74165626672598,12.267674758021993
4,11.312645010077036,11.706723521526595
5,10.637679699521799,10.585582614841318
6,10.20773095350999,10.198747430528913
7,9.809177179749195,10.3630690574646
8,9.363837455327694,10.175555530347323
9,8.795706039437881,10.380052487653002
10,8.301497269135256,10.262965686339184
